name,price,category,sizes,colors
T-krekls The Bread, 22.95,krekli,S=3;M=5;L=2,Krēmkrāsa
T-krekls Ant-man , 22.95,krekli,S=4;M=6;L=3,Balts
Longsleeve Kyrie, 29.95,krekli,S=2;M=3;L=2,melns
Kompresijas krekls, 19.95,krekli,S=5;M=7;L=5,Balts
Specalizētie krekli, 24.95,krekli,S=6;M=5;L=1,melns
Pink camo sorti , 19.99,šorti,S=2;M=4;L=4,Rozā
Jortsi ar izšuvumu, 22.99,šorti,S=3;M=2;L=3, melns
Sporta šorti,18.49,šorti,S=4;M=5;L=4, Pelēki
Lina šorti,25.99,šorti,S=2;M=2;L=1, Krēmkrāsa
Džemperis,59.99,džemperi,S=2;M=3;L=2, balts|melns|zils|Rozā
Jaka,59.99,džemperi,S=1;M=2;L=3, melns
Rudens jaka,79.99,džemperi,S=0;M=2;L=1, balts|melns|pelkēks|brūns
Džinsi,39.99,bikses,S=2;M=4;L=4, zils
Bikses,49.99,bikses,S=3;M=5;L=3, melns
Treniņbikses,24.99,bikses,S=5;M=6;L=2, pelēks
bikses ar izšuvumu,44.99,bikses,S=1;M=2;L=3, brūns 
josta,25.99,aksesuāri,OneSize=10, melns
cepure ar logo,18.99,aksesuāri,OneSize=8, melns|balts
Zeķes ar logo,22.99,aksesuāri,OneSize=6, melns|balts
Dad cap,14.99,aksesuāri,OneSize=7, melns|balts|pelēks